request_id,amount_safe_to_pay,affordability_status,recommended_payment_method,payment_plan,earliest_date_for_full_payment,spending_changes_needed,decision_explanation
request_26,15656000,affordable_now,full_payment,2025-08-03:15656000,2025-08-03,none,pay IDR 15656000 today. This leaves at least IDR 65942674.65 available.
request_27,6670,affordable_now,full_payment,2026-07-05:6670,2026-07-05,none,pay ZAR 6670 today. This leaves at least ZAR 22794.84 available.
request_28,319.54,affordable_later,wait,2024-08-15:1302.4,2024-08-15,none,"Wait until 15 August 2024, then pay EUR 1302.4 in full. Paying sooner would put the EUR 1100 minimum at risk."
request_29,0,not_affordable,not_recommended,none,,none,Do not make this payment by 23 November 2025. None of the eligible options keeps the ZAR 28300 minimum protected.
request_30,775.2,affordable_with_plan,installments,2026-04-06:268.74|2026-05-06:268.74|2026-06-05:268.74,2026-04-06,none,"Use 3 installments of USD 268.74, starting 6 April 2026. This leaves at least USD 2956.05 available."
request_31,3071296.92,affordable_later,wait,2024-11-15:18164000,2024-11-15,none,"Wait until 15 November 2024, then pay IDR 18164000 in full. Paying sooner would put the IDR 16588900 minimum at risk."
request_32,13761.81,affordable_later,wait,2025-04-15:40018,2025-04-15,none,"Wait until 15 April 2025, then pay ZAR 40018 in full. Paying sooner would put the ZAR 35700 minimum at risk."
request_33,29116.56,affordable_later,wait,2026-03-15:118000,2026-03-15,none,"Wait until 15 March 2026, then pay INR 118000 in full. Paying sooner would put the INR 102100 minimum at risk."
request_34,129400,affordable_now,full_payment,2024-12-04:129400,2024-12-04,none,pay INR 129400 today. This leaves at least INR 411934.78 available.
request_35,11344.43,affordable_later,wait,2026-01-15:212000,2026-01-15,none,"Wait until 15 January 2026, then pay INR 212000 in full. Paying sooner would put the INR 106400 minimum at risk."
request_36,609.24,affordable_later,wait,2026-09-15:3954,2026-09-15,none,"Wait until 15 September 2026, then pay USD 3954 in full. Paying sooner would put the USD 2400 minimum at risk."
request_37,4488722.2,affordable_later,wait,2024-05-15:14649000,2024-05-15,none,"Wait until 15 May 2024, then pay IDR 14649000 in full. Paying sooner would put the IDR 17056200 minimum at risk."
request_38,163.58,affordable_later,wait,2025-10-15:971.3,2025-10-15,none,"Wait until 15 October 2025, then pay EUR 971.3 in full. Paying sooner would put the EUR 400 minimum at risk."
request_39,32460.06,affordable_later,wait,2026-06-15:208600,2026-06-15,none,"Wait until 15 June 2026, then pay INR 208600 in full. Paying sooner would put the INR 213400 minimum at risk."
request_40,415.19,affordable_later,wait,2024-08-15:1290.3,2024-08-15,none,"Wait until 15 August 2024, then pay EUR 1290.3 in full. Paying sooner would put the EUR 1500 minimum at risk."
request_41,7716858.43,affordable_later,wait,2026-01-15:38760000,2026-01-15,none,"Wait until 15 January 2026, then pay IDR 38760000 in full. Paying sooner would put the IDR 25366600 minimum at risk."
request_42,52100,affordable_now,full_payment,2026-01-05:52100,2026-01-05,none,pay INR 52100 today. This leaves at least INR 160663.55 available.
request_43,8916032.63,affordable_later,wait,2024-11-15:43339000,2024-11-15,none,"Wait until 15 November 2024, then pay IDR 43339000 in full. Paying sooner would put the IDR 21398000 minimum at risk."
request_44,29621.81,affordable_later,wait,2025-04-15:95800,2025-04-15,none,"Wait until 15 April 2025, then pay INR 95800 in full. Paying sooner would put the INR 82900 minimum at risk."
request_45,4207270.27,affordable_later,wait,2026-09-15:21983000,2026-09-15,none,"Wait until 15 September 2026, then pay IDR 21983000 in full. Paying sooner would put the IDR 11149800 minimum at risk."
request_46,33044.31,affordable_with_plan,partial_payment,2024-12-03:33044.31|2024-12-15:16405.69,2024-12-15,none,Pay INR 33044.31 now and INR 16405.69 on 15 December 2024. This keeps the INR 84000 minimum protected.
request_47,3364886.48,not_affordable,not_recommended,none,,none,Do not make this payment by 19 June 2025. None of the eligible options keeps the IDR 30049000 minimum protected.
request_48,32883.09,affordable_later,wait,2026-08-15:45700,2026-08-15,none,"Wait until 15 August 2026, then pay INR 45700 in full. Paying sooner would put the INR 71300 minimum at risk."
request_49,12077430.31,affordable_with_plan,installments,2024-03-18:11902106.67|2024-04-18:11902106.67|2024-05-19:11902106.67,2024-05-15,none,"Use 3 installments of IDR 11902106.67, starting 18 March 2024. This leaves at least IDR 18671738.38 available."
request_50,43900,affordable_now,full_payment,2025-08-06:43900,2025-08-06,none,pay INR 43900 today. This leaves at least INR 155451.13 available.
request_51,2191000,affordable_now,full_payment,2026-01-03:2191000,2026-01-03,none,pay IDR 2191000 today. This leaves at least IDR 8307874.9 available.
request_52,18422.56,affordable_later,wait,2024-06-15:28870,2024-06-15,none,"Wait until 15 June 2024, then pay INR 28870 in full. Paying sooner would put the INR 41500 minimum at risk."
request_53,520.32,affordable_with_plan,installments,2025-11-21:589.06|2025-12-19:589.06|2026-01-16:589.06,2026-01-15,none,"Use 3 installments of USD 589.06, starting 21 November 2025. This leaves at least USD 1931.74 available."
request_54,2877.51,not_affordable,not_recommended,none,,none,Do not make this payment by 21 August 2026. None of the eligible options keeps the ZAR 37000 minimum protected.
request_55,118289.75,affordable_with_plan,installments,2026-06-11:75781.33|2026-07-12:75781.33|2026-08-12:75781.33,2026-08-15,none,"Use 3 installments of INR 75781.33, starting 11 June 2026. This leaves at least INR 113665.25 available."
request_56,606.22,affordable_with_plan,partial_payment,2025-02-03:606.22|2025-02-15:275.34,2025-02-15,none,Pay USD 606.22 now and USD 275.34 on 15 February 2025. This keeps the USD 2100 minimum protected.
request_57,11119.9,affordable_later,wait,2026-06-15:61446,2026-06-15,none,"Wait until 15 June 2026, then pay ZAR 61446 in full. Paying sooner would put the ZAR 42700 minimum at risk."
request_58,16226000,affordable_now,full_payment,2024-12-07:16226000,2024-12-07,none,pay IDR 16226000 today. This leaves at least IDR 21082963.8 available.
request_59,140600,affordable_with_plan,installments,2025-05-07:48741.33|2025-06-04:48741.33|2025-07-02:48741.33,2025-05-04,none,"Use 3 installments of INR 48741.33, starting 7 May 2025. This leaves at least INR 129272.21 available."
request_60,93.06,affordable_later,wait,2026-02-15:199.89,2026-02-15,none,"Wait until 15 February 2026, then pay USD 199.89 in full. Paying sooner would put the USD 400 minimum at risk."
request_61,29062,affordable_with_plan,installments,2024-03-17:10074.83|2024-04-17:10074.83|2024-05-18:10074.83,2024-03-03,none,"Use 3 installments of ZAR 10074.83, starting 17 March 2024. This leaves at least ZAR 36224.05 available."
request_62,404.23,affordable_now,full_payment,2025-08-05:404.23,2025-08-05,none,pay USD 404.23 today. This leaves at least USD 4565.95 available.
request_63,34809.55,not_affordable,not_recommended,none,,none,Do not make this payment by 17 September 2026. None of the eligible options keeps the INR 153500 minimum protected.
request_64,0,not_affordable,not_recommended,none,,none,Do not make this payment by 16 August 2024. None of the eligible options keeps the INR 36100 minimum protected.
request_65,5728.75,not_affordable,not_recommended,none,,none,Do not make this payment by 25 November 2025. None of the eligible options keeps the ZAR 15500 minimum protected.
request_66,22200,affordable_now,full_payment,2026-04-03:22200,2026-04-03,none,pay INR 22200 today. This leaves at least INR 189579.17 available.
request_67,414.36,affordable_later,wait,2024-11-15:2094,2024-11-15,none,"Wait until 15 November 2024, then pay USD 2094 in full. Paying sooner would put the USD 1200 minimum at risk."
request_68,1255.44,affordable_with_plan,installments,2025-02-14:725.09|2025-03-14:725.09|2025-04-11:725.09,2025-03-23,none,"Use 3 installments of USD 725.09, starting 14 February 2025. This leaves at least USD 1435.51 available."
request_69,516.41,affordable_with_plan,full_payment,2026-01-04:529.1,2026-01-15,reduce_to:event_6407:16.4,"Adjust the selected flexible spending, then pay EUR 529.1 today. This leaves at least EUR 721.22 available."
request_70,50451.66,affordable_later,wait,2025-02-15:243900,2025-02-15,none,"Wait until 15 February 2025, then pay INR 243900 in full. Paying sooner would put the INR 115000 minimum at risk."
request_71,0,not_affordable,not_recommended,none,,none,Do not make this payment by 28 May 2025. None of the eligible options keeps the IDR 8884800 minimum protected.
request_72,11330,affordable_now,full_payment,2026-07-05:11330,2026-07-05,none,pay ZAR 11330 today. This leaves at least ZAR 12839.95 available.
request_73,67827.25,affordable_with_plan,full_payment,2023-01-20:71400,2023-02-15,reduce_to:event_6789:1425,"Adjust the selected flexible spending, then pay INR 71400 today. This leaves at least INR 101052.25 available."
request_74,5010,affordable_now,full_payment,2025-08-04:5010,2025-08-04,none,pay ZAR 5010 today. This leaves at least ZAR 62688.46 available.
request_75,10969.8,affordable_with_plan,installments,2026-04-09:9800.27|2026-05-09:9800.27|2026-06-08:9800.27,,reduce_to:event_6995:991.1|reduce_to:event_6998:991.1,"Use 3 installments of ZAR 9800.27, starting 9 April 2026. This leaves at least ZAR 28545.78 available."
request_76,766.65,not_affordable,not_recommended,none,2024-08-15,none,Do not make this payment by 30 July 2024. None of the eligible options keeps the USD 1800 minimum protected.
request_77,56005.08,affordable_with_plan,full_payment,2025-11-05:60700,2025-11-15,stop:event_7143,"Adjust the selected flexible spending, then pay INR 60700 today. This leaves at least INR 78210.08 available."
request_78,41563.38,affordable_with_plan,full_payment,2025-10-02:50200,2025-10-15,reduce_to:event_7224:805,"Adjust the selected flexible spending, then pay INR 50200 today. This leaves at least INR 52075.47 available."
request_79,282.21,not_affordable,not_recommended,none,,none,Do not make this payment by 1 November 2024. None of the eligible options keeps the EUR 1000 minimum protected.
request_80,113626.24,not_affordable,not_recommended,none,,none,Do not make this payment by 21 February 2025. None of the eligible options keeps the INR 121300 minimum protected.
request_81,2076,affordable_now,full_payment,2026-07-03:2076,2026-07-03,none,pay USD 2076 today. This leaves at least USD 1646.75 available.
request_82,325.8,affordable_later,wait,2025-02-15:1405.2,2025-02-15,none,"Wait until 15 February 2025, then pay USD 1405.2 in full. Paying sooner would put the USD 1100 minimum at risk."
request_83,5710.56,not_affordable,not_recommended,none,,none,Do not make this payment by 17 June 2025. None of the eligible options keeps the INR 37800 minimum protected.
request_84,16047.51,affordable_later,wait,2026-06-15:95400,2026-06-15,none,"Wait until 15 June 2026, then pay INR 95400 in full. Paying sooner would put the INR 91300 minimum at risk."
request_85,451375.32,not_affordable,not_recommended,none,,none,Do not make this payment by 26 April 2024. None of the eligible options keeps the IDR 6396300 minimum protected.
request_86,45044,affordable_with_plan,full_payment,2025-08-03:46300,2025-08-23,reduce_to:event_8084:2360,"Adjust the selected flexible spending, then pay INR 46300 today. This leaves at least INR 87748.35 available."
request_87,13687.84,not_affordable,not_recommended,none,,none,Do not make this payment by 15 March 2026. None of the eligible options keeps the INR 185900 minimum protected.
request_88,10742.25,affordable_with_plan,installments,2024-06-14:9045.23|2024-07-15:9045.23|2024-08-15:9045.23,2024-07-15,none,"Use 3 installments of ZAR 9045.23, starting 14 June 2024. This leaves at least ZAR 27497.02 available."
request_89,8566309.38,affordable_with_plan,installments,2025-11-18:4768746.67|2025-12-16:4768746.67|2026-01-13:4768746.67,2026-01-15,none,"Use 3 installments of IDR 4768746.67, starting 18 November 2025. This leaves at least IDR 10065039.11 available."
request_90,2560,affordable_now,full_payment,2026-07-06:2560,2026-07-06,none,pay ZAR 2560 today. This leaves at least ZAR 28161.88 available.
request_91,207.84,affordable_later,wait,2024-11-15:1927.2,2024-11-15,none,"Wait until 15 November 2024, then pay EUR 1927.2 in full. Paying sooner would put the EUR 2100 minimum at risk."
request_92,34034,affordable_now,full_payment,2025-02-05:34034,2025-02-05,none,pay ZAR 34034 today. This leaves at least ZAR 30063.95 available.
request_93,1729.2,affordable_now,full_payment,2026-04-07:1729.2,2026-04-07,none,pay USD 1729.2 today. This leaves at least USD 1943.7 available.
request_94,572,affordable_now,full_payment,2024-12-04:572,2024-12-04,none,pay EUR 572 today. This leaves at least EUR 1998 available.
request_95,10109.5,not_affordable,not_recommended,none,,none,Do not make this payment by 14 July 2025. None of the eligible options keeps the INR 145500 minimum protected.
request_96,74159.94,affordable_with_plan,installments,2026-01-10:31269.33|2026-02-09:31269.33|2026-03-11:31269.33,2026-01-15,none,"Use 3 installments of INR 31269.33, starting 10 January 2026. This leaves at least INR 50946.06 available."
request_97,1625.14,affordable_with_plan,installments,2024-03-19:8145.28|2024-04-19:8145.28|2024-05-20:8145.28,2024-04-15,none,"Use 3 installments of ZAR 8145.28, starting 19 March 2024. This leaves at least ZAR 31325.14 available."
request_98,0,not_affordable,not_recommended,none,,none,Do not make this payment by 15 October 2025. None of the eligible options keeps the ZAR 30000 minimum protected.
request_99,18062,affordable_now,full_payment,2026-07-04:18062,2026-07-04,none,pay ZAR 18062 today. This leaves at least ZAR 49494.18 available.
request_100,26259.09,affordable_with_plan,installments,2024-06-13:12866.19|2024-07-14:12866.19|2024-08-14:12866.19,2024-07-15,none,"Use 3 installments of ZAR 12866.19, starting 13 June 2024. This leaves at least ZAR 31397.66 available."
request_101,143500,affordable_now,full_payment,2025-11-03:143500,2025-11-03,none,pay INR 143500 today. This leaves at least INR 188149.82 available.
request_102,1716,affordable_with_plan,installments,2026-04-05:594.88|2026-05-05:594.88|2026-06-04:594.88,2026-04-05,none,"Use 3 installments of EUR 594.88, starting 5 April 2026. This leaves at least EUR 3974.48 available."
request_103,11203.49,not_affordable,not_recommended,none,,none,Do not make this payment by 7 October 2024. None of the eligible options keeps the INR 125500 minimum protected.
request_104,17204,affordable_now,full_payment,2025-02-04:17204,2025-02-04,none,pay ZAR 17204 today. This leaves at least ZAR 29279.76 available.
request_105,41990.87,affordable_with_plan,full_payment,2026-06-08:53500,2026-06-15,reduce_to:event_9720:1632,"Adjust the selected flexible spending, then pay INR 53500 today. This leaves at least INR 72587.9 available."
request_106,439.18,affordable_later,wait,2025-02-15:2207.7,2025-02-15,none,"Wait until 15 February 2025, then pay EUR 2207.7 in full. Paying sooner would put the EUR 1200 minimum at risk."
request_107,2485.54,affordable_with_plan,installments,2025-05-08:878.59|2025-06-05:878.59|2025-07-03:878.59,2025-05-15,none,"Use 3 installments of EUR 878.59, starting 8 May 2025. This leaves at least EUR 1464.89 available."
request_108,3193.7,not_affordable,not_recommended,none,2026-09-15,none,Do not make this payment by 26 July 2026. None of the eligible options keeps the ZAR 24100 minimum protected.
request_109,511.1,affordable_with_plan,installments,2024-03-18:645.98|2024-04-18:645.98|2024-05-19:645.98,2024-05-15,none,"Use 3 installments of EUR 645.98, starting 18 March 2024. This leaves at least EUR 1574.36 available."
request_110,22352,affordable_with_plan,installments,2025-08-06:7748.69|2025-09-03:7748.69|2025-10-01:7748.69,2025-08-06,none,"Use 3 installments of ZAR 7748.69, starting 6 August 2025. This leaves at least ZAR 43461.87 available."
request_111,16247097.32,affordable_with_plan,full_payment,2026-04-03:16625000,2026-04-03,reduce_to:event_10296:335350,"Adjust the selected flexible spending, then pay IDR 16625000 today. This leaves at least IDR 23826400.3 available."
request_112,268.74,affordable_with_plan,full_payment,2024-06-05:271.7,2024-06-15,reduce_to:event_10396:13,"Adjust the selected flexible spending, then pay EUR 271.7 today. This leaves at least EUR 545 available."
request_113,20587.92,affordable_later,wait,2026-10-15:36500,2026-10-15,none,"Wait until 15 October 2026, then pay INR 36500 in full. Paying sooner would put the INR 82300 minimum at risk."
request_114,53763,affordable_with_plan,full_payment,2026-01-04:65300,2026-01-15,reduce_to:event_10559:1450,"Adjust the selected flexible spending, then pay INR 65300 today. This leaves at least INR 111444.73 available."
request_115,14956.32,affordable_later,wait,2024-11-15:80500,2024-11-15,none,"Wait until 15 November 2024, then pay INR 80500 in full. Paying sooner would put the INR 38800 minimum at risk."
request_116,9064.77,not_affordable,not_recommended,none,,none,Do not make this payment by 16 April 2025. None of the eligible options keeps the INR 80300 minimum protected.
request_117,880,affordable_now,full_payment,2026-07-05:880,2026-07-05,none,pay EUR 880 today. This leaves at least EUR 1022.59 available.
request_118,622.53,affordable_with_plan,installments,2024-12-07:255.87|2025-01-07:255.87|2025-02-07:255.87,2024-12-15,none,"Use 3 installments of EUR 255.87, starting 7 December 2024. This leaves at least EUR 571.39 available."
request_119,54897.04,affordable_with_plan,installments,2025-05-18:70546.67|2025-06-15:70546.67|2025-07-13:70546.67,2025-07-15,none,"Use 3 installments of INR 70546.67, starting 18 May 2025. This leaves at least INR 144411.23 available."
request_120,7714000,affordable_now,full_payment,2026-04-06:7714000,2026-04-06,none,pay IDR 7714000 today. This leaves at least IDR 20164175.57 available.
request_121,633.6,affordable_now,full_payment,2024-03-03:633.6,2024-03-03,none,pay USD 633.6 today. This leaves at least USD 835.32 available.
request_122,20558000,affordable_with_plan,installments,2025-08-05:7126773.33|2025-09-02:7126773.33|2025-09-30:7126773.33,2025-08-05,none,"Use 3 installments of IDR 7126773.33, starting 5 August 2025. This leaves at least IDR 48573464.86 available."
request_123,0,not_affordable,not_recommended,none,2026-01-07,none,Do not make this payment by 28 March 2026. None of the eligible options keeps the IDR 18091200 minimum protected.
request_124,1324.44,affordable_with_plan,installments,2024-06-11:1076.12|2024-07-12:1076.12|2024-08-12:1076.12,2024-08-15,none,"Use 3 installments of EUR 1076.12, starting 11 June 2024. This leaves at least EUR 1296.94 available."
request_125,0,not_affordable,not_recommended,none,,none,Do not make this payment by 14 November 2025. None of the eligible options keeps the ZAR 11300 minimum protected.
request_126,159600,affordable_now,full_payment,2026-07-03:159600,2026-07-03,none,pay INR 159600 today. This leaves at least INR 185950.86 available.
request_127,10603.97,affordable_later,wait,2024-10-15:23980,2024-10-15,none,"Wait until 15 October 2024, then pay ZAR 23980 in full. Paying sooner would put the ZAR 41000 minimum at risk."
request_128,25168,affordable_now,full_payment,2025-02-07:25168,2025-02-07,none,pay ZAR 25168 today. This leaves at least ZAR 43672.35 available.
request_129,70.11,not_affordable,not_recommended,none,,none,Do not make this payment by 18 June 2026. None of the eligible options keeps the USD 800 minimum protected.
request_130,414.04,affordable_later,wait,2025-02-15:1978.8,2025-02-15,none,"Wait until 15 February 2025, then pay USD 1978.8 in full. Paying sooner would put the USD 1400 minimum at risk."
request_131,1131.09,affordable_with_plan,installments,2025-05-06:643.14|2025-06-03:643.14|2025-07-01:643.14,2025-06-23,none,"Use 3 installments of USD 643.14, starting 6 May 2025. This leaves at least USD 996.93 available."
request_132,196.53,affordable_later,wait,2026-02-15:379.86,2026-02-15,none,"Wait until 15 February 2026, then pay USD 379.86 in full. Paying sooner would put the USD 1100 minimum at risk."
request_133,0,not_affordable,not_recommended,none,,none,Do not make this payment by 29 March 2024. None of the eligible options keeps the IDR 9986200 minimum protected.
request_134,4833218.29,affordable_later,wait,2025-10-15:21831000,2025-10-15,none,"Wait until 15 October 2025, then pay IDR 21831000 in full. Paying sooner would put the IDR 15902500 minimum at risk."
request_135,304.8,affordable_now,full_payment,2026-07-06:304.8,2026-07-06,none,pay USD 304.8 today. This leaves at least USD 505.03 available.
request_136,560.4,affordable_now,full_payment,2024-06-03:560.4,2024-06-03,none,pay USD 560.4 today. This leaves at least USD 1110.96 available.
request_137,16579.31,not_affordable,not_recommended,none,,none,Do not make this payment by 15 January 2026. None of the eligible options keeps the INR 71800 minimum protected.
request_138,499.03,affordable_with_plan,partial_payment,2026-04-07:499.03|2026-04-15:757.91,2026-04-15,none,Pay EUR 499.03 now and EUR 757.91 on 15 April 2026. This keeps the EUR 2300 minimum protected.
request_139,1418.95,affordable_with_plan,installments,2024-09-07:802.88|2024-10-08:802.88|2024-11-08:802.88,2024-10-15,none,"Use 3 installments of USD 802.88, starting 7 September 2024. This leaves at least USD 1453.13 available."
request_140,2382.17,not_affordable,not_recommended,none,,none,Do not make this payment by 4 March 2025. None of the eligible options keeps the ZAR 21600 minimum protected.
request_141,18952.44,not_affordable,not_recommended,none,,none,Do not make this payment by 12 February 2026. None of the eligible options keeps the INR 67300 minimum protected.
request_142,1263.6,affordable_now,full_payment,2024-12-05:1263.6,2024-12-05,none,pay USD 1263.6 today. This leaves at least USD 4592.24 available.
request_143,3398.7,affordable_later,wait,2025-07-15:12584,2025-07-15,none,"Wait until 15 July 2025, then pay ZAR 12584 in full. Paying sooner would put the ZAR 11300 minimum at risk."
request_144,233.34,affordable_now,full_payment,2026-07-04:233.34,2026-07-04,none,pay USD 233.34 today. This leaves at least USD 612.33 available.
request_145,24125.22,affordable_with_plan,installments,2024-03-20:75365.33|2024-04-20:75365.33|2024-05-21:75365.33,2024-05-15,none,"Use 3 installments of INR 75365.33, starting 20 March 2024. This leaves at least INR 138136.17 available."
request_146,11789.57,not_affordable,not_recommended,none,,none,Do not make this payment by 17 October 2025. None of the eligible options keeps the INR 108600 minimum protected.
request_147,404.17,affordable_with_plan,installments,2026-04-08:391.63|2026-05-08:391.63|2026-06-07:391.63,2026-05-15,none,"Use 3 installments of EUR 391.63, starting 8 April 2026. This leaves at least EUR 951.25 available."
request_148,8199.58,affordable_with_plan,installments,2024-06-14:7710.56|2024-07-15:7710.56|2024-08-15:7710.56,2024-07-15,none,"Use 3 installments of ZAR 7710.56, starting 14 June 2024. This leaves at least ZAR 20489.02 available."
request_149,19731.35,affordable_with_plan,installments,2025-11-18:12706.03|2025-12-16:12706.03|2026-01-13:12706.03,2026-01-15,none,"Use 3 installments of ZAR 12706.03, starting 18 November 2025. This leaves at least ZAR 37159.59 available."
request_150,287.41,affordable_with_plan,installments,2026-01-06:171.98|2026-02-05:171.98|2026-03-07:171.98,2026-03-15,none,"Use 3 installments of EUR 171.98, starting 6 January 2026. This leaves at least EUR 539.86 available."
request_151,26999000,affordable_now,full_payment,2024-09-03:26999000,2024-09-03,none,pay IDR 26999000 today. This leaves at least IDR 33040650.28 available.
request_152,11079.84,affordable_with_plan,installments,2025-02-12:4812.43|2025-03-12:4812.43|2025-04-09:4812.43,2025-02-15,none,"Use 3 installments of ZAR 4812.43, starting 12 February 2025. This leaves at least ZAR 10254.94 available."
request_153,0,not_affordable,not_recommended,none,,none,Do not make this payment by 24 September 2026. None of the eligible options keeps the USD 1400 minimum protected.
request_154,1625.8,affordable_with_plan,installments,2024-12-04:563.61|2025-01-04:563.61|2025-02-04:563.61,2024-12-04,none,"Use 3 installments of EUR 563.61, starting 4 December 2024. This leaves at least EUR 2455.41 available."
request_155,112500,affordable_now,full_payment,2025-05-06:112500,2025-05-06,none,pay INR 112500 today. This leaves at least INR 77645.93 available.
request_156,6745.14,affordable_later,wait,2026-06-15:43076,2026-06-15,none,"Wait until 15 June 2026, then pay ZAR 43076 in full. Paying sooner would put the ZAR 26900 minimum at risk."
request_157,3888420.94,affordable_later,wait,2024-05-15:23503000,2024-05-15,none,"Wait until 15 May 2024, then pay IDR 23503000 in full. Paying sooner would put the IDR 15714100 minimum at risk."
request_158,242600,affordable_with_plan,installments,2025-08-07:84101.33|2025-09-04:84101.33|2025-10-02:84101.33,2025-08-07,none,"Use 3 installments of INR 84101.33, starting 7 August 2025. This leaves at least INR 605388.31 available."
request_159,0,not_affordable,not_recommended,none,,none,Do not make this payment by 20 March 2026. None of the eligible options keeps the ZAR 8700 minimum protected.
request_160,584.89,affordable_with_plan,installments,2024-06-13:432.05|2024-07-14:432.05|2024-08-14:432.05,2024-07-15,none,"Use 3 installments of EUR 432.05, starting 13 June 2024. This leaves at least EUR 1352.84 available."
request_161,5814261.93,affordable_later,wait,2026-01-15:21204000,2026-01-15,none,"Wait until 15 January 2026, then pay IDR 21204000 in full. Paying sooner would put the IDR 23010400 minimum at risk."
request_162,2513891.68,not_affordable,not_recommended,none,,none,Do not make this payment by 26 August 2026. None of the eligible options keeps the IDR 24161100 minimum protected.
request_163,10615798.26,affordable_with_plan,installments,2024-09-10:6692053.33|2024-10-11:6692053.33|2024-11-11:6692053.33,2024-11-15,none,"Use 3 installments of IDR 6692053.33, starting 10 September 2024. This leaves at least IDR 25433010.14 available."
request_164,27018000,affordable_with_plan,installments,2025-02-11:9366240|2025-03-11:9366240|2025-04-08:9366240,2025-02-04,none,"Use 3 installments of IDR 9366240, starting 11 February 2025. This leaves at least IDR 50302279.71 available."
request_165,57268.66,affordable_with_plan,full_payment,2026-04-06:80600,2026-04-06,reduce_to:event_15135:1665,"Adjust the selected flexible spending, then pay INR 80600 today. This leaves at least INR 76663.66 available."
request_166,2907.6,affordable_with_plan,installments,2024-12-03:1007.97|2025-01-03:1007.97|2025-02-03:1007.97,2024-12-03,none,"Use 3 installments of USD 1007.97, starting 3 December 2024. This leaves at least USD 7197.49 available."
request_167,43802,affordable_now,full_payment,2025-05-05:43802,2025-05-05,none,pay ZAR 43802 today. This leaves at least ZAR 36921.07 available.
request_168,30501.38,affordable_with_plan,partial_payment,2026-01-07:30501.38|2026-02-15:18878.62,2026-02-15,none,Pay INR 30501.38 now and INR 18878.62 on 15 February 2026. This keeps the INR 114400 minimum protected.
request_169,41976,affordable_now,full_payment,2024-03-04:41976,2024-03-04,none,pay ZAR 41976 today. This leaves at least ZAR 24076.61 available.
request_170,30151550.01,affordable_with_plan,installments,2025-08-06:12804480|2025-09-03:12804480|2025-10-01:12804480,2025-09-15,none,"Use 3 installments of IDR 12804480, starting 6 August 2025. This leaves at least IDR 27120891.7 available."
request_171,26.58,not_affordable,not_recommended,none,,none,Do not make this payment by 10 September 2026. None of the eligible options keeps the EUR 500 minimum protected.
request_172,8522.8,affordable_with_plan,partial_payment,2024-06-05:8522.8|2024-06-15:1677.2,2024-06-15,none,Pay ZAR 8522.8 now and ZAR 1677.2 on 15 June 2024. This keeps the ZAR 27200 minimum protected.
request_173,0,not_affordable,not_recommended,none,,none,Do not make this payment by 17 January 2026. None of the eligible options keeps the INR 79100 minimum protected.
request_174,1019.47,affordable_with_plan,installments,2026-04-04:397.35|2026-05-04:397.35|2026-06-03:397.35,2026-04-04,none,"Use 3 installments of EUR 397.35, starting 4 April 2026. This leaves at least EUR 527.42 available."
request_175,2346.3,affordable_now,full_payment,2024-09-06:2346.3,2024-09-06,none,pay EUR 2346.3 today. This leaves at least EUR 2052.36 available.
request_176,388.46,not_affordable,not_recommended,none,,none,Do not make this payment by 27 February 2025. None of the eligible options keeps the EUR 600 minimum protected.
request_177,1017.6,affordable_now,full_payment,2026-01-05:1017.6,2026-01-05,none,pay USD 1017.6 today. This leaves at least USD 1456.52 available.
request_178,2938.1,affordable_with_plan,installments,2024-12-07:1018.54|2025-01-07:1018.54|2025-02-07:1018.54,2024-12-07,none,"Use 3 installments of EUR 1018.54, starting 7 December 2024. This leaves at least EUR 5809.84 available."
request_179,8004425.36,affordable_later,wait,2025-07-15:41648000,2025-07-15,none,"Wait until 15 July 2025, then pay IDR 41648000 in full. Paying sooner would put the IDR 41430800 minimum at risk."
request_180,66500,affordable_now,full_payment,2026-07-06:66500,2026-07-06,none,pay INR 66500 today. This leaves at least INR 48732.54 available.
request_181,226.83,not_affordable,not_recommended,none,,none,Do not make this payment by 7 April 2024. None of the eligible options keeps the USD 2000 minimum protected.
request_182,65714,affordable_now,full_payment,2025-08-05:65714,2025-08-05,none,pay ZAR 65714 today. This leaves at least ZAR 42357.07 available.
request_183,21908409.56,affordable_with_plan,installments,2026-04-10:9313546.67|2026-05-10:9313546.67|2026-06-09:9313546.67,2026-06-15,none,"Use 3 installments of IDR 9313546.67, starting 10 April 2026. This leaves at least IDR 11227785.03 available."
request_184,2827.5,not_affordable,not_recommended,none,,none,Do not make this payment by 30 July 2024. None of the eligible options keeps the INR 110800 minimum protected.
request_185,312.31,affordable_later,wait,2026-01-15:1257.3,2026-01-15,none,"Wait until 15 January 2026, then pay EUR 1257.3 in full. Paying sooner would put the EUR 1300 minimum at risk."
request_186,3433.4,affordable_later,wait,2026-03-15:26554,2026-03-15,none,"Wait until 15 March 2026, then pay ZAR 26554 in full. Paying sooner would put the ZAR 22000 minimum at risk."
request_187,40688.07,affordable_later,wait,2024-11-15:187500,2024-11-15,none,"Wait until 15 November 2024, then pay INR 187500 in full. Paying sooner would put the INR 128300 minimum at risk."
request_188,81.57,not_affordable,not_recommended,none,,none,Do not make this payment by 4 March 2025. None of the eligible options keeps the EUR 900 minimum protected.
request_189,488.4,affordable_now,full_payment,2026-07-04:488.4,2026-07-04,none,pay EUR 488.4 today. This leaves at least EUR 491.85 available.
request_190,508.63,affordable_later,wait,2025-02-15:2557.5,2025-02-15,none,"Wait until 15 February 2025, then pay EUR 2557.5 in full. Paying sooner would put the EUR 1600 minimum at risk."
request_191,664.4,affordable_now,full_payment,2025-05-03:664.4,2025-05-03,none,pay EUR 664.4 today. This leaves at least EUR 598.55 available.
request_192,50.98,not_affordable,not_recommended,none,,none,Do not make this payment by 11 May 2026. None of the eligible options keeps the USD 1000 minimum protected.
request_193,77.27,affordable_with_plan,installments,2024-03-21:420.23|2024-04-21:420.23|2024-05-22:420.23,2024-05-15,none,"Use 3 installments of EUR 420.23, starting 21 March 2024. This leaves at least EUR 1095.73 available."
request_194,26194.58,affordable_later,wait,2025-10-23:132800,2025-10-23,none,"Wait until 23 October 2025, then pay INR 132800 in full. Paying sooner would put the INR 113600 minimum at risk."
request_195,947.79,affordable_with_plan,installments,2026-01-09:405.74|2026-02-08:405.74|2026-03-10:405.74,2026-02-15,none,"Use 3 installments of EUR 405.74, starting 9 January 2026. This leaves at least EUR 739.44 available."
request_196,762.3,affordable_now,full_payment,2024-06-03:762.3,2024-06-03,none,pay EUR 762.3 today. This leaves at least EUR 637.65 available.
request_197,50939000,affordable_with_plan,installments,2025-11-19:17658853.33|2025-12-17:17658853.33|2026-01-14:17658853.33,2025-11-05,none,"Use 3 installments of IDR 17658853.33, starting 19 November 2025. This leaves at least IDR 26048491.68 available."
request_198,185800,affordable_now,full_payment,2026-07-07:185800,2026-07-07,none,pay INR 185800 today. This leaves at least INR 158563.92 available.
request_199,23674000,affordable_with_plan,installments,2024-09-07:8206986.67|2024-10-08:8206986.67|2024-11-08:8206986.67,2024-09-04,none,"Use 3 installments of IDR 8206986.67, starting 7 September 2024. This leaves at least IDR 28651417.58 available."
request_200,21717000,affordable_now,full_payment,2025-02-06:21717000,2025-02-06,none,pay IDR 21717000 today. This leaves at least IDR 23862903.53 available.
request_201,21792581.01,affordable_with_plan,partial_payment,2026-04-03:21792581.01|2026-04-03:2204418.99,2026-04-03,none,Pay IDR 21792581.01 now and IDR 2204418.99 on 3 April 2026. This keeps the IDR 17304500 minimum protected.
request_202,123900,affordable_now,full_payment,2024-12-05:123900,2024-12-05,none,pay INR 123900 today. This leaves at least INR 165242.61 available.
request_203,962.02,affordable_with_plan,installments,2025-05-10:499.93|2025-06-07:499.93|2025-07-05:499.93,2025-05-07,none,"Use 3 installments of EUR 499.93, starting 10 May 2025. This leaves at least EUR 862.23 available."
request_204,555.13,affordable_later,wait,2026-01-15:588.74,2026-01-15,none,"Wait until 15 January 2026, then pay EUR 588.74 in full. Paying sooner would put the EUR 1300 minimum at risk."
request_205,10621000,affordable_now,full_payment,2024-03-06:10621000,2024-03-06,none,pay IDR 10621000 today. This leaves at least IDR 15811543.02 available.
request_206,1404.7,affordable_with_plan,installments,2025-08-03:486.96|2025-08-31:486.96|2025-09-28:486.96,2025-08-03,none,"Use 3 installments of EUR 486.96, starting 3 August 2025. This leaves at least EUR 4077.85 available."
request_207,5131.7,affordable_later,wait,2026-07-15:11830,2026-07-15,none,"Wait until 15 July 2026, then pay ZAR 11830 in full. Paying sooner would put the ZAR 13600 minimum at risk."
request_208,3599239.45,affordable_later,wait,2024-06-15:4413000,2024-06-15,none,"Wait until 15 June 2024, then pay IDR 4413000 in full. Paying sooner would put the IDR 10470700 minimum at risk."
request_209,1356.54,not_affordable,not_recommended,none,,none,Do not make this payment by 25 November 2025. None of the eligible options keeps the ZAR 18400 minimum protected.
request_210,605.62,affordable_with_plan,partial_payment,2026-04-06:605.62|2026-04-15:754.4,2026-04-15,none,Pay USD 605.62 now and USD 754.4 on 15 April 2026. This keeps the USD 2000 minimum protected.
request_211,314.68,affordable_later,wait,2024-11-15:1788.6,2024-11-15,none,"Wait until 15 November 2024, then pay EUR 1788.6 in full. Paying sooner would put the EUR 1500 minimum at risk."
request_212,2651579.65,not_affordable,not_recommended,none,,none,Do not make this payment by 28 February 2025. None of the eligible options keeps the IDR 29579800 minimum protected.
request_213,2168.59,affordable_with_plan,installments,2026-01-21:1165.63|2026-02-20:1165.63|2026-03-22:1165.63,2026-01-07,reduce_to:event_19550:34.8,"Use 3 installments of USD 1165.63, starting 21 January 2026. This leaves at least USD 959.26 available."
request_214,33588.21,affordable_with_plan,partial_payment,2024-12-04:33588.21|2025-01-15:36161.79,2025-01-15,none,Pay INR 33588.21 now and INR 36161.79 on 15 January 2025. This keeps the INR 174900 minimum protected.
request_215,27233.04,affordable_with_plan,installments,2025-05-09:10395.15|2025-06-06:10395.15|2025-07-04:10395.15,2025-05-06,none,"Use 3 installments of ZAR 10395.15, starting 9 May 2025. This leaves at least ZAR 11747.59 available."
request_216,502.5,affordable_later,wait,2026-09-15:3332.4,2026-09-15,none,"Wait until 15 September 2026, then pay USD 3332.4 in full. Paying sooner would put the USD 1800 minimum at risk."
request_217,19179.37,affordable_with_plan,installments,2024-03-19:12889.07|2024-04-19:12889.07|2024-05-20:12889.07,2024-05-15,none,"Use 3 installments of ZAR 12889.07, starting 19 March 2024. This leaves at least ZAR 26695.07 available."
request_218,22932984.03,affordable_with_plan,installments,2025-08-07:21195893.33|2025-09-04:21195893.33|2025-10-02:21195893.33,2025-09-15,none,"Use 3 installments of IDR 21195893.33, starting 7 August 2025. This leaves at least IDR 37196972.1 available."
request_219,637.97,affordable_with_plan,installments,2026-04-07:580.01|2026-05-07:580.01|2026-06-06:580.01,2026-05-15,none,"Use 3 installments of EUR 580.01, starting 7 April 2026. This leaves at least EUR 1161.29 available."
request_220,98.64,not_affordable,not_recommended,none,,none,Do not make this payment by 3 July 2024. None of the eligible options keeps the EUR 1100 minimum protected.
request_221,109800,affordable_now,full_payment,2025-11-03:109800,2025-11-03,none,pay INR 109800 today. This leaves at least INR 99497.34 available.
request_222,34078,affordable_now,full_payment,2026-01-05:34078,2026-01-05,none,pay ZAR 34078 today. This leaves at least ZAR 81266 available.
request_223,898.7,affordable_now,full_payment,2024-09-07:898.7,2024-09-07,none,pay EUR 898.7 today. This leaves at least EUR 1011.77 available.
request_224,9681823.64,affordable_with_plan,partial_payment,2025-02-04:9681823.64|2025-02-15:645176.36,2025-02-15,none,Pay IDR 9681823.64 now and IDR 645176.36 on 15 February 2025. This keeps the IDR 22187600 minimum protected.
request_225,9902088.78,affordable_with_plan,installments,2026-07-20:7647120|2026-08-19:7647120|2026-09-18:7647120,2026-09-15,none,"Use 3 installments of IDR 7647120, starting 20 July 2026. This leaves at least IDR 17640565.72 available."
request_226,157000,affordable_now,full_payment,2024-12-03:157000,2024-12-03,none,pay INR 157000 today. This leaves at least INR 239917.66 available.
request_227,4606.95,not_affordable,not_recommended,none,,none,Do not make this payment by 20 June 2025. None of the eligible options keeps the INR 62900 minimum protected.
request_228,2277463.02,not_affordable,not_recommended,none,,none,Do not make this payment by 30 April 2026. None of the eligible options keeps the IDR 26191200 minimum protected.
request_229,366.29,affordable_with_plan,installments,2024-03-18:529.29|2024-04-18:529.29|2024-05-19:529.29,2024-05-15,none,"Use 3 installments of EUR 529.29, starting 18 March 2024. This leaves at least EUR 980.68 available."
request_230,3537.6,affordable_now,full_payment,2025-08-06:3537.6,2025-08-06,none,pay EUR 3537.6 today. This leaves at least EUR 3971.5 available.
request_231,31941.92,affordable_with_plan,installments,2026-01-06:12378.08|2026-02-05:12378.08|2026-03-07:12378.08,2026-02-15,none,"Use 3 installments of ZAR 12378.08, starting 6 January 2026. This leaves at least ZAR 25298.64 available."
request_232,559.39,affordable_later,wait,2024-08-15:1970.1,2024-08-15,none,"Wait until 15 August 2024, then pay EUR 1970.1 in full. Paying sooner would put the EUR 2400 minimum at risk."
request_233,3877629.31,affordable_with_plan,partial_payment,2025-11-07:3877629.31|2025-12-15:2363370.69,2025-12-15,none,Pay IDR 3877629.31 now and IDR 2363370.69 on 15 December 2025. This keeps the IDR 10365700 minimum protected.
request_234,189.2,affordable_later,wait,2026-09-15:1213.3,2026-09-15,none,"Wait until 15 September 2026, then pay EUR 1213.3 in full. Paying sooner would put the EUR 700 minimum at risk."
request_235,967.2,affordable_now,full_payment,2024-09-06:967.2,2024-09-06,none,pay USD 967.2 today. This leaves at least USD 807.73 available.
request_236,5509647.52,not_affordable,not_recommended,none,,none,Do not make this payment by 23 February 2025. None of the eligible options keeps the IDR 16768600 minimum protected.
request_237,18789915.92,affordable_with_plan,full_payment,2026-04-05:23826000,2026-04-05,reduce_to:event_21812:382850,"Adjust the selected flexible spending, then pay IDR 23826000 today. This leaves at least IDR 18543965.92 available."
request_238,663.6,affordable_with_plan,installments,2024-12-07:230.05|2025-01-07:230.05|2025-02-07:230.05,2024-12-07,none,"Use 3 installments of USD 230.05, starting 7 December 2024. This leaves at least USD 1463.81 available."
request_239,642,affordable_now,full_payment,2025-05-04:642,2025-05-04,none,pay USD 642 today. This leaves at least USD 681.35 available.
request_240,15701.07,not_affordable,not_recommended,none,,none,Do not make this payment by 20 March 2026. None of the eligible options keeps the INR 52800 minimum protected.
request_241,21052000,affordable_with_plan,installments,2024-03-17:7298026.67|2024-04-17:7298026.67|2024-05-18:7298026.67,2024-03-03,none,"Use 3 installments of IDR 7298026.67, starting 17 March 2024. This leaves at least IDR 19781628.05 available."
request_242,46.38,not_affordable,not_recommended,none,,none,Do not make this payment by 25 August 2025. None of the eligible options keeps the EUR 600 minimum protected.
request_243,17468,affordable_now,full_payment,2026-07-07:17468,2026-07-07,none,pay ZAR 17468 today. This leaves at least ZAR 23087.3 available.
request_244,49918,affordable_now,full_payment,2024-06-04:49918,2024-06-04,none,pay ZAR 49918 today. This leaves at least ZAR 56659.83 available.
request_245,0,not_affordable,not_recommended,none,,none,Do not make this payment by 15 January 2026. None of the eligible options keeps the INR 94600 minimum protected.
request_246,64086,affordable_with_plan,installments,2026-04-03:22216.48|2026-05-03:22216.48|2026-06-02:22216.48,2026-04-03,none,"Use 3 installments of ZAR 22216.48, starting 3 April 2026. This leaves at least ZAR 38674.29 available."
request_247,1059.3,affordable_now,full_payment,2024-09-05:1059.3,2024-09-05,none,pay EUR 1059.3 today. This leaves at least EUR 1449.48 available.
request_248,958.96,affordable_with_plan,partial_payment,2025-02-07:958.96|2025-04-15:1006.64,2025-04-15,none,Pay USD 958.96 now and USD 1006.64 on 15 April 2025. This keeps the USD 1300 minimum protected.
request_249,111.23,affordable_later,wait,2026-03-15:643.2,2026-03-15,none,"Wait until 15 March 2026, then pay USD 643.2 in full. Paying sooner would put the USD 600 minimum at risk."
request_250,15045.9,not_affordable,not_recommended,none,,none,Do not make this payment by 18 January 2025. None of the eligible options keeps the ZAR 35300 minimum protected.
request_251,110.18,not_affordable,not_recommended,none,,none,Do not make this payment by 6 June 2025. None of the eligible options keeps the EUR 1300 minimum protected.
request_252,4511929.26,affordable_later,wait,2026-09-15:28082000,2026-09-15,none,"Wait until 15 September 2026, then pay IDR 28082000 in full. Paying sooner would put the IDR 15152200 minimum at risk."
request_253,1258.56,affordable_with_plan,installments,2024-03-21:984.6|2024-04-21:984.6|2024-05-22:984.6,2024-05-15,none,"Use 3 installments of EUR 984.6, starting 21 March 2024. This leaves at least EUR 2294.34 available."
request_254,583.59,affordable_later,wait,2025-10-15:3535.2,2025-10-15,none,"Wait until 15 October 2025, then pay USD 3535.2 in full. Paying sooner would put the USD 2500 minimum at risk."
request_255,0,not_affordable,not_recommended,none,,none,Do not make this payment by 15 June 2026. None of the eligible options keeps the IDR 9813900 minimum protected.
request_256,156477.11,affordable_with_plan,installments,2024-06-10:75816|2024-07-11:75816|2024-08-11:75816,2024-07-15,none,"Use 3 installments of INR 75816, starting 10 June 2024. This leaves at least INR 182352.48 available."
request_257,401.35,affordable_later,wait,2026-01-15:1352.4,2026-01-15,none,"Wait until 15 January 2026, then pay USD 1352.4 in full. Paying sooner would put the USD 1600 minimum at risk."
request_258,1113.6,affordable_now,full_payment,2026-01-07:1113.6,2026-01-07,none,pay USD 1113.6 today. This leaves at least USD 606.43 available.
request_259,192.9,affordable_later,wait,2024-11-15:935,2024-11-15,none,"Wait until 15 November 2024, then pay EUR 935 in full. Paying sooner would put the EUR 600 minimum at risk."
request_260,5539348.36,not_affordable,not_recommended,none,,none,Do not make this payment by 18 April 2025. None of the eligible options keeps the IDR 20727700 minimum protected.
request_261,1830.4,affordable_now,full_payment,2026-07-03:1830.4,2026-07-03,none,pay EUR 1830.4 today. This leaves at least EUR 1846.29 available.
request_262,9236000,affordable_now,full_payment,2024-12-05:9236000,2024-12-05,none,pay IDR 9236000 today. This leaves at least IDR 58551807.01 available.
request_263,0,not_affordable,not_recommended,none,,none,Do not make this payment by 15 June 2025. None of the eligible options keeps the ZAR 24100 minimum protected.
request_264,18458.19,affordable_later,wait,2026-06-15:111300,2026-06-15,none,"Wait until 15 June 2026, then pay INR 111300 in full. Paying sooner would put the INR 59500 minimum at risk."
request_265,0,affordable_with_plan,full_payment,2024-03-06:45970,2024-03-06,stop:event_24383,"Adjust the selected flexible spending, then pay INR 45970 today. This leaves at least INR 125986.26 available."
request_266,712.79,affordable_with_plan,installments,2025-08-03:324.13|2025-08-31:324.13|2025-09-28:324.13,2025-09-15,none,"Use 3 installments of EUR 324.13, starting 3 August 2025. This leaves at least EUR 893.84 available."
request_267,1620.22,affordable_with_plan,installments,2026-01-08:667.33|2026-02-07:667.33|2026-03-09:667.33,2026-03-15,none,"Use 3 installments of EUR 667.33, starting 8 January 2026. This leaves at least EUR 1415.64 available."
request_268,1053.03,affordable_with_plan,installments,2024-06-14:841.22|2024-07-15:841.22|2024-08-15:841.22,2024-07-15,none,"Use 3 installments of EUR 841.22, starting 14 June 2024. This leaves at least EUR 1611.81 available."
request_269,7691.99,affordable_later,wait,2025-12-15:15490,2025-12-15,none,"Wait until 15 December 2025, then pay ZAR 15490 in full. Paying sooner would put the ZAR 23100 minimum at risk."
request_270,146.97,not_affordable,not_recommended,none,,none,Do not make this payment by 30 August 2026. None of the eligible options keeps the USD 1400 minimum protected.
request_271,16693.79,affordable_later,wait,2024-11-15:91300,2024-11-15,none,"Wait until 15 November 2024, then pay INR 91300 in full. Paying sooner would put the INR 58200 minimum at risk."
request_272,5488122.14,affordable_with_plan,installments,2025-02-12:4709466.67|2025-03-12:4709466.67|2025-04-09:4709466.67,2025-03-15,none,"Use 3 installments of IDR 4709466.67, starting 12 February 2025. This leaves at least IDR 8287255.47 available."
request_273,8728006.28,affordable_with_plan,partial_payment,2026-04-07:8728006.28|2026-04-15:7132993.72,2026-04-15,none,Pay IDR 8728006.28 now and IDR 7132993.72 on 15 April 2026. This keeps the IDR 18774600 minimum protected.
request_274,2049.89,affordable_with_plan,installments,2024-12-04:940.75|2025-01-04:940.75|2025-02-04:940.75,2024-12-15,none,"Use 3 installments of EUR 940.75, starting 4 December 2024. This leaves at least EUR 1837.84 available."
request_275,15884000,affordable_now,full_payment,2025-05-06:15884000,2025-05-06,none,pay IDR 15884000 today. This leaves at least IDR 14988985.07 available.
